{"schemaVersion":"1.0","appDefinitionTemplate":{"id":"/providers/Microsoft.PowerApps/apps/","type":"Microsoft.PowerApps/apps","tags":{"primaryDeviceWidth":"414","primaryDeviceHeight":"896","supportsPortrait":"true","supportsLandscape":"true","primaryFormFactor":"Tablet","showStatusBar":"false","publisherVersion":"3.25121.5","minimumRequiredApiVersion":"2.2.0","hasComponent":"false","hasUnlockedComponent":"false","isUnifiedRootApp":"false"},"properties":{"appVersion":"2025-12-05T21:31:27Z","lifeCycleId":"Published","createdByClientVersion":{"major":3,"minor":25121,"build":5,"revision":0,"majorRevision":0,"minorRevision":0},"minClientVersion":{"major":3,"minor":25121,"build":5,"revision":0,"majorRevision":0,"minorRevision":0},"backgroundColor":"RGBA(0,176,240,1)","backgroundImageUri":"/1944345349648116512/Ncaf9f8db-2dd0-45c8-8d45-f270d6f0cb7b-logoSmallFile","displayName":"Foundry Model Comparison App","commitMessage":"","appUris":{"documentUri":{"value":"/1944345349648116512/Na1846051-ec84-403c-834b-aa39d0766610-document.msapp"},"imageUris":[],"additionalUris":[{"isSolutionAware":false,"value":"/1944345349648116512/N6644d5eb-d1b2-45cd-a0d8-5161257feb7e-identity.json"}]},"createdTime":"0001-01-01T00:00:00Z","lastModifiedTime":"0001-01-01T00:00:00Z","sharedGroupsCount":0,"sharedUsersCount":0,"connectionReferences":{"1aba47a4-48a7-4b4b-9f6e-48cc6f2985ef":{"id":"eedfcdcc-7063-4e2e-98e7-a0aea8b75c1e","displayName":"Foundry Models","iconUri":"https://prodapiicons.cdn.powerappscdn.net/20251130t000000zac6129adb03e4300a981eed94b244afc/customconnectoricon.png","dataSources":["FoundryModels"],"dependencies":[],"dependents":[],"parameterHints":{},"parameterHintsV2":{},"isOnPremiseConnection":false,"bypassConsent":false,"dataSets":{},"apiTier":"Standard","isCustomApiConnection":true,"actions":["reasoningmodels"]}},"databaseReferences":{},"almMode":"Environment","performanceOptimizationEnabled":true,"canConsumeAppPass":true,"enableModernRuntimeMode":false,"executionRestrictions":{"isTeamsOnly":false,"dataLossPreventionEvaluationResult":{"status":"Compliant","lastEvaluationDate":"2025-11-30T17:04:29.4062411Z","violations":[],"violationsByPolicy":[],"violationErrorMessage":"The app uses the following connectors: shared_foundry-20models-5f6c22eb0d16e56db6-5fec065b6d05bf9470."}}},"isAppComponentLibrary":false,"appType":"ClassicCanvasApp","appComponents":[]}}